	accu_reward	episode_index	time_passed	winner
0	73.00730187908496	1.0	24200.0	pred
1	122.68718184389142	2.0	7500.0	pred
2	132.72013653217698	3.0	8700.0	pred
3	143.00789105706386	4.0	12200.0	pred
4	157.98399007038716	5.0	8200.0	pred
5	84.80441255027654	6.0	5700.0	pred
6	208.9472371480644	7.0	12600.0	pred
7	86.49745475113122	8.0	5900.0	pred
8	144.1619925213675	9.0	8800.0	pred
9	106.04614441930617	10.0	7200.0	pred
10	118.27897184514829	11.0	10000.0	pred
11	139.7102422699849	12.0	9100.0	pred
