	accu_reward	episode_index	time_passed
0	37.67747072602097	1.0	30000.0
1	28.84578660453436	2.0	30000.0
2	-669.5650609723023	3.0	30000.0
3	-1304.0207201764256	4.0	30000.0
4	-1313.2370109175706	5.0	30000.0
5	-1307.5849290036515	6.0	30000.0
