	accu_reward	episode_index	time_passed
0	-146.53314683361063	1.0	30000.0
1	-118.7678039175855	2.0	30000.0
2	-201.0626475491692	3.0	30000.0
3	-162.71913132552822	4.0	30000.0
4	-20.087046482217275	5.0	30000.0
5	-183.44014124989116	6.0	30000.0
6	-47.69562593066083	7.0	30000.0
7	-115.0387171430684	8.0	30000.0
8	-110.18843727667262	9.0	30000.0
9	-82.36485022823531	10.0	30000.0
10	-104.42065616383078	11.0	30000.0
11	-103.86800232637724	12.0	30000.0
12	-210.44708625634007	13.0	30000.0
13	22.126201221531637	14.0	30000.0
14	17.709358406252818	15.0	30000.0
15	7.998607675951739	16.0	30000.0
16	-39.12388736279888	17.0	30000.0
17	15.314224172933798	18.0	30000.0
18	21.949961717749638	19.0	30000.0
19	4.164262495969956	20.0	30000.0
20	22.31465209417623	21.0	30000.0
21	38.104996137774975	22.0	30000.0
22	38.104996137774975	23.0	30000.0
23	38.104996137774975	24.0	30000.0
24	38.104996137774975	25.0	30000.0
25	38.104996137774975	26.0	30000.0
26	38.104996137774975	27.0	30000.0
27	38.104996137774975	28.0	30000.0
28	38.104996137774975	29.0	30000.0
29	38.104996137774975	30.0	30000.0
30	38.104996137774975	31.0	30000.0
31	38.104996137774975	32.0	30000.0
32	38.104996137774975	33.0	30000.0
