	accu_reward	episode_index	time_passed	winner
0	23.62683653846154	1.0	15300.0	pred
1	22.062716346153845	2.0	1700.0	pred
2	2.454911057692309	3.0	30000.0	prey
3	0.45099519230769236	4.0	30000.0	prey
4	23.27977403846154	5.0	17100.0	pred
