	accu_reward	episode_index	time_passed
0	29.190873905980627	1.0	30000.0
1	38.104996137774975	2.0	30000.0
2	38.104996137774975	3.0	30000.0
3	38.104996137774975	4.0	30000.0
