	accu_reward	avg_food_distance	time_passed
0	-2708.0578966346143	1.3600435768110817	2066500.0
1	-459.46322115384663	1.2807327933984727	520500.0
