	accu_reward	episode_index	time_passed
0	-100.16763066587183	1.0	30000.0
1	-115.52108849783802	2.0	30000.0
2	-248.7041050088085	3.0	30000.0
3	-64.08659302523027	4.0	30000.0
4	-163.9303168005709	5.0	30000.0
5	-126.90756029055255	6.0	30000.0
6	-107.07247108713196	7.0	30000.0
7	-238.8001153011344	8.0	30000.0
8	-41.72424344604744	9.0	30000.0
9	-174.63020226887963	10.0	30000.0
10	-131.68883323341336	11.0	30000.0
11	-16.457521123370697	12.0	30000.0
12	-755.9196451057703	13.0	30000.0
13	-2061.094982947486	14.0	30000.0
14	-2119.6917793263597	15.0	30000.0
15	-2182.8761115599696	16.0	30000.0
16	-2214.9214492923525	17.0	30000.0
17	-2152.1389592286564	18.0	30000.0
18	-1668.0450668900603	19.0	30000.0
19	-1708.9957532297835	20.0	30000.0
20	-1313.0116042435895	21.0	30000.0
21	17.183262226761016	22.0	30000.0
22	10.812036160185295	23.0	30000.0
23	38.104996137774975	24.0	30000.0
24	38.104996137774975	25.0	30000.0
25	38.104996137774975	26.0	30000.0
26	38.104996137774975	27.0	30000.0
27	38.104996137774975	28.0	30000.0
28	38.104996137774975	29.0	30000.0
29	38.104996137774975	30.0	30000.0
30	38.104996137774975	31.0	30000.0
31	38.104996137774975	32.0	30000.0
32	38.104996137774975	33.0	30000.0
