	accu_reward	episode_index	predator_pos	prey_pos	time_passed	winner
0	1.5101730769230775	1.0	[-0.9794710874557495, -0.6966665983200073, 0.03780394792556763]	[-0.9397103190422058, -0.38281792402267456, 0.037817131727933884]	30000.0	prey
