	accu_reward	episode_index	time_passed
0	-95.80233563811242	1.0	30300.0
1	-37.49218219094205	2.0	30000.0
2	-90.7809056675411	3.0	30100.0
3	-85.73041189674078	4.0	30400.0
